dataset_id,year,composite_window,provider,method_version,composite_start,composite_end,is_public,is_validated,snapshot_id,admin_code,admin_name,admin_level,total_area_km2,pixel_count,masked_pixel_pct,quality_flag,peak_season_scene_count,source_image_count,dominant_class,dominant_class_pct,water_pct,trees_pct,grass_pct,flooded_vegetation_pct,crops_pct,shrub_scrub_pct,built_area_pct,bare_ground_pct,snow_ice_pct,class_pct_sum,gap_filled
5,2018,late_wet_season,dynamic_world_v1,dw_latewet_mode_v1,2018-09-01,2018-10-31,False,False,32,19001,Birnin Gwari,lga,6411.7295,64117202,0.00,high,31,31,trees,75.562574,0.335029,75.562574,13.992554,0.016105,4.096745,5.192405,0.71043,0.093894,0.000265,100.000001,
5,2018,late_wet_season,dynamic_world_v1,dw_latewet_mode_v1,2018-09-01,2018-10-31,False,False,171,19002,Chikun,lga,4566.8552,45668472,0.00,high,18,18,trees,74.464282,2.257798,74.464282,7.913764,0.101595,1.582418,10.107084,3.478487,0.094571,0.0,99.999999,
5,2018,late_wet_season,dynamic_world_v1,dw_latewet_mode_v1,2018-09-01,2018-10-31,False,False,173,19003,Giwa,lga,2359.5587,23595587,0.00,high,20,20,trees,41.461215,0.131669,41.461215,18.507444,0.023687,22.840042,14.188598,2.298112,0.549234,0.0,100.000001,
5,2018,late_wet_season,dynamic_world_v1,dw_latewet_mode_v1,2018-09-01,2018-10-31,False,False,176,19004,Igabi,lga,3299.7113,32997113,0.00,high,20,20,trees,50.979208,1.400883,50.979208,10.085194,0.296114,12.547301,21.108613,3.384626,0.19802,3.9e-05,99.999998,
5,2018,late_wet_season,dynamic_world_v1,dw_latewet_mode_v1,2018-09-01,2018-10-31,False,False,179,19005,Ikara,lga,1064.9642,10649642,0.00,high,19,19,shrub_scrub,42.470226,0.189189,25.974892,13.063913,0.029747,13.173109,42.470226,4.952035,0.146888,0.0,99.999999,
5,2018,late_wet_season,dynamic_world_v1,dw_latewet_mode_v1,2018-09-01,2018-10-31,False,False,182,19006,Jaba,lga,540.7087,5407087,0.00,high,32,32,trees,42.344186,0.066653,42.344186,25.640164,0.002108,3.007849,25.021292,3.846674,0.071073,0.0,99.999999,
5,2018,late_wet_season,dynamic_world_v1,dw_latewet_mode_v1,2018-09-01,2018-10-31,False,False,184,19007,Jema'A,lga,1424.3503,10486754,26.38,high,32,32,trees,66.45779,0.668806,66.45779,13.963625,0.199023,5.308754,8.807406,4.081959,0.210923,0.301714,100.0,
5,2018,late_wet_season,dynamic_world_v1,dw_latewet_mode_v1,2018-09-01,2018-10-31,False,False,29,19008,Kachia,lga,4639.8149,46398149,0.00,high,51,51,trees,75.049147,1.460703,75.049147,8.178624,0.006048,0.951169,13.135974,1.143559,0.025848,0.048929,100.000001,
5,2018,late_wet_season,dynamic_world_v1,dw_latewet_mode_v1,2018-09-01,2018-10-31,False,False,30,19009,Kaduna North,lga,73.4255,734255,0.00,medium,3,3,built_area,69.72673,1.682522,21.580922,1.761105,0.148314,3.370083,1.548372,69.72673,0.181953,0.0,100.000001,
5,2018,late_wet_season,dynamic_world_v1,dw_latewet_mode_v1,2018-09-01,2018-10-31,False,False,178,19010,Kaduna South,lga,47.2045,472045,0.00,medium,3,3,built_area,80.620704,2.651442,10.107087,0.627483,0.035378,3.97674,1.190353,80.620704,0.790814,0.0,100.000001,
5,2018,late_wet_season,dynamic_world_v1,dw_latewet_mode_v1,2018-09-01,2018-10-31,False,False,167,19011,Kagarko,lga,2403.0912,24028870,0.01,high,21,21,trees,70.31627,0.74011,70.31627,16.482681,0.010941,2.064188,8.376636,1.949151,0.059724,0.0003,100.000001,
5,2018,late_wet_season,dynamic_world_v1,dw_latewet_mode_v1,2018-09-01,2018-10-31,False,False,181,19012,Kajuru,lga,2265.6099,22656099,0.00,high,11,11,trees,62.202602,0.503944,62.202602,6.912651,0.007411,1.284158,27.514706,1.521021,0.053509,0.0,100.000002,
5,2018,late_wet_season,dynamic_world_v1,dw_latewet_mode_v1,2018-09-01,2018-10-31,False,False,180,19013,Kaura,lga,470.4891,3897748,17.16,high,16,16,trees,35.608023,0.183773,35.608023,17.734651,0.01193,29.066271,8.419862,8.870276,0.022731,0.082484,100.000001,
5,2018,late_wet_season,dynamic_world_v1,dw_latewet_mode_v1,2018-09-01,2018-10-31,False,False,175,19014,Kauru,lga,3281.9251,32625598,0.59,high,20,20,trees,40.668766,0.751238,40.668766,29.987545,0.273739,6.674673,19.628094,1.918166,0.096945,0.000834,100.0,
5,2018,late_wet_season,dynamic_world_v1,dw_latewet_mode_v1,2018-09-01,2018-10-31,False,False,177,19015,Kubau,lga,2420.8428,24208428,0.00,high,35,35,grass,36.234918,1.606953,24.829225,36.234918,0.037251,13.902204,20.892625,2.44046,0.056365,0.0,100.000001,
5,2018,late_wet_season,dynamic_world_v1,dw_latewet_mode_v1,2018-09-01,2018-10-31,False,False,170,19016,Kudan,lga,353.9346,3539346,0.00,high,7,7,crops,37.309661,0.545609,30.912943,13.46794,0.130109,37.309661,11.342773,6.228693,0.062271,0.0,99.999999,
5,2018,late_wet_season,dynamic_world_v1,dw_latewet_mode_v1,2018-09-01,2018-10-31,False,False,174,19017,Lere,lga,2670.5712,26441069,0.99,high,13,13,grass,37.278614,0.439245,29.641283,37.278614,0.017662,12.308685,16.794926,3.449936,0.069282,0.000367,100.0,
5,2018,late_wet_season,dynamic_world_v1,dw_latewet_mode_v1,2018-09-01,2018-10-31,False,False,169,19018,Makarfi,lga,556.6673,5566673,0.00,high,14,14,crops,31.56582,0.424293,25.054355,17.677992,0.079653,31.56582,19.118188,5.997047,0.082653,0.0,100.000001,
5,2018,late_wet_season,dynamic_world_v1,dw_latewet_mode_v1,2018-09-01,2018-10-31,False,False,172,19019,Sabon Gari,lga,197.7326,1977326,0.00,high,7,7,built_area,26.419164,1.974232,21.520629,17.285769,0.757184,25.608069,6.157558,26.419164,0.277395,0.0,100.0,
5,2018,late_wet_season,dynamic_world_v1,dw_latewet_mode_v1,2018-09-01,2018-10-31,False,False,183,19020,Sanga,lga,1855.9206,6782946,63.45,high,57,57,trees,64.32929,0.97953,64.32929,22.125239,0.37985,4.237687,5.354532,1.787483,0.224607,0.581783,100.000001,
5,2018,late_wet_season,dynamic_world_v1,dw_latewet_mode_v1,2018-09-01,2018-10-31,False,False,31,19021,Soba,lga,2088.8561,20888561,0.00,high,30,30,trees,33.418808,0.434266,33.418808,20.89794,0.135859,22.915667,19.746004,2.415083,0.036374,0.0,100.000001,
5,2018,late_wet_season,dynamic_world_v1,dw_latewet_mode_v1,2018-09-01,2018-10-31,False,False,168,19022,Zangon Kataf,lga,2640.2724,26166157,0.90,high,47,47,trees,55.254843,0.291074,55.254843,16.969156,0.006619,4.742905,19.306393,3.004759,0.421418,0.002832,99.999999,
5,2018,late_wet_season,dynamic_world_v1,dw_latewet_mode_v1,2018-09-01,2018-10-31,False,False,33,19023,Zaria,lga,437.5659,4375659,0.00,high,7,7,crops,25.956913,1.561411,24.060307,17.202803,1.454204,25.956913,13.454636,16.020833,0.288894,0.0,100.000001,
10,2019,late_wet_season,dynamic_world_v1,dw_latewet_mode_v1,2019-09-01,2019-10-31,False,False,137,19001,Birnin Gwari,lga,6411.6535,56109089,12.49,high,26,26,trees,72.496615,0.338328,72.496615,18.362291,0.022544,5.502955,2.168062,0.897241,0.056406,0.155558,100.0,
10,2019,late_wet_season,dynamic_world_v1,dw_latewet_mode_v1,2019-09-01,2019-10-31,False,False,128,19002,Chikun,lga,4566.8505,38693632,15.27,high,17,17,trees,69.350647,2.417351,69.350647,15.529832,0.344139,2.065131,5.547683,4.364679,0.148169,0.232369,100.0,
10,2019,late_wet_season,dynamic_world_v1,dw_latewet_mode_v1,2019-09-01,2019-10-31,False,False,130,19003,Giwa,lga,2359.5586,23528149,0.29,high,17,17,trees,68.033333,0.168789,68.033333,6.296934,0.125046,18.524288,3.314298,3.426632,0.107446,0.003234,100.0,
10,2019,late_wet_season,dynamic_world_v1,dw_latewet_mode_v1,2019-09-01,2019-10-31,False,False,134,19004,Igabi,lga,3299.7024,32832308,0.50,high,17,17,trees,64.436216,1.617523,64.436216,9.314338,0.897302,8.839439,9.493911,5.304129,0.093326,0.003816,100.0,
10,2019,late_wet_season,dynamic_world_v1,dw_latewet_mode_v1,2019-09-01,2019-10-31,False,False,136,19005,Ikara,lga,1064.9641,10403399,2.31,high,18,18,trees,51.708543,0.337024,51.708543,15.889095,0.158862,10.934772,13.479556,7.300758,0.160822,0.030567,99.999999,
10,2019,late_wet_season,dynamic_world_v1,dw_latewet_mode_v1,2019-09-01,2019-10-31,False,False,141,19006,Jaba,lga,540.7086,5300100,1.98,high,12,12,trees,40.030924,0.112658,40.030924,37.427539,0.025132,1.891813,16.508858,3.94136,0.060697,0.001019,100.0,
10,2019,late_wet_season,dynamic_world_v1,dw_latewet_mode_v1,2019-09-01,2019-10-31,False,False,143,19007,Jema'A,lga,1424.3503,13672376,4.01,high,12,12,trees,59.820444,0.753022,59.820444,23.885175,0.347862,6.971766,4.700705,3.456137,0.045003,0.019887,100.000001,
10,2019,late_wet_season,dynamic_world_v1,dw_latewet_mode_v1,2019-09-01,2019-10-31,False,False,124,19008,Kachia,lga,4639.6188,36500134,21.33,high,26,26,trees,66.162932,1.701016,66.162932,15.151561,0.020904,1.849095,13.027432,1.333157,0.169909,0.583995,100.000001,
10,2019,late_wet_season,dynamic_world_v1,dw_latewet_mode_v1,2019-09-01,2019-10-31,False,False,208,19009,Kaduna North,lga,73.4256,734256,0.00,medium,2,2,built_area,78.174778,2.012922,11.744678,1.391885,0.149539,5.015281,1.261141,78.174778,0.249777,0.0,100.000001,Yes
10,2019,late_wet_season,dynamic_world_v1,dw_latewet_mode_v1,2019-09-01,2019-10-31,False,False,209,19010,Kaduna South,lga,47.2047,472047,0.00,medium,2,2,built_area,86.560872,2.950342,5.600078,0.266075,0.004661,3.645188,0.253365,86.560872,0.71942,0.0,100.000001,Yes
10,2019,late_wet_season,dynamic_world_v1,dw_latewet_mode_v1,2019-09-01,2019-10-31,False,False,123,19011,Kagarko,lga,2403.0858,18285261,23.91,high,9,9,trees,60.063737,0.881562,60.063737,19.974038,0.027869,7.563398,8.867464,2.295302,0.102361,0.224268,99.999999,
10,2019,late_wet_season,dynamic_world_v1,dw_latewet_mode_v1,2019-09-01,2019-10-31,False,False,140,19012,Kajuru,lga,2265.6097,22043781,2.70,high,7,7,trees,64.408438,0.488446,64.408438,14.37537,0.054247,0.640553,17.928662,1.668629,0.167181,0.268475,100.000001,
10,2019,late_wet_season,dynamic_world_v1,dw_latewet_mode_v1,2019-09-01,2019-10-31,False,False,139,19013,Kaura,lga,470.4889,4067924,13.54,high,6,6,trees,41.344996,0.24526,41.344996,16.956315,0.075296,26.420159,8.120727,6.826897,0.010349,0.0,99.999999,
10,2019,late_wet_season,dynamic_world_v1,dw_latewet_mode_v1,2019-09-01,2019-10-31,False,False,132,19014,Kauru,lga,3281.9345,32409610,1.25,high,13,13,trees,43.755966,0.818168,43.755966,33.47056,0.406805,6.44714,13.11038,1.884456,0.084095,0.022429,99.999999,
10,2019,late_wet_season,dynamic_world_v1,dw_latewet_mode_v1,2019-09-01,2019-10-31,False,False,135,19015,Kubau,lga,2420.8427,24192225,0.07,high,28,28,trees,41.186199,1.641866,41.186199,30.688455,0.131158,15.387096,8.242433,2.65043,0.072011,0.000351,99.999999,
10,2019,late_wet_season,dynamic_world_v1,dw_latewet_mode_v1,2019-09-01,2019-10-31,False,False,127,19016,Kudan,lga,353.9346,3539346,0.00,high,5,5,trees,71.241862,0.470228,71.241862,3.597981,0.15226,11.232555,4.568923,8.630606,0.105584,0.0,99.999999,
10,2019,late_wet_season,dynamic_world_v1,dw_latewet_mode_v1,2019-09-01,2019-10-31,False,False,131,19017,Lere,lga,2670.5713,26196841,1.91,high,8,8,grass,50.134278,0.47789,22.047716,50.134278,0.041593,13.90297,10.284782,2.954528,0.101241,0.055003,100.000001,
10,2019,late_wet_season,dynamic_world_v1,dw_latewet_mode_v1,2019-09-01,2019-10-31,False,False,126,19018,Makarfi,lga,556.6675,5518907,0.86,high,12,12,trees,66.596973,0.504883,66.596973,5.783247,0.371976,9.571134,8.923923,8.058806,0.181703,0.007357,100.000002,
10,2019,late_wet_season,dynamic_world_v1,dw_latewet_mode_v1,2019-09-01,2019-10-31,False,False,129,19019,Sabon Gari,lga,197.7327,1977327,0.00,high,5,5,trees,53.51295,2.418012,53.51295,2.848441,1.071143,9.11038,2.933303,27.819324,0.27613,0.010317,100.0,
10,2019,late_wet_season,dynamic_world_v1,dw_latewet_mode_v1,2019-09-01,2019-10-31,False,False,142,19020,Sanga,lga,1855.9176,15903883,14.31,high,18,18,trees,61.397603,0.617635,61.397603,25.385423,0.219512,7.047744,3.049104,2.090842,0.048083,0.144053,99.999999,
10,2019,late_wet_season,dynamic_world_v1,dw_latewet_mode_v1,2019-09-01,2019-10-31,False,False,133,19021,Soba,lga,2088.8551,20074047,3.90,high,22,22,trees,55.316011,0.498609,55.316011,12.070396,0.651807,18.502831,9.978367,2.904367,0.059091,0.018521,100.0,
10,2019,late_wet_season,dynamic_world_v1,dw_latewet_mode_v1,2019-09-01,2019-10-31,False,False,125,19022,Zangon Kataf,lga,2640.2616,25253560,4.35,high,22,22,trees,49.814398,0.351095,49.814398,27.270793,0.040196,4.548935,15.427611,2.471644,0.054345,0.020983,100.0,
10,2019,late_wet_season,dynamic_world_v1,dw_latewet_mode_v1,2019-09-01,2019-10-31,False,False,138,19023,Zaria,lga,437.5658,4347529,0.64,high,5,5,trees,53.074931,1.72843,53.074931,5.612637,1.681576,16.235268,4.57775,16.659762,0.42914,0.000506,100.0,
11,2020,late_wet_season,dynamic_world_v1,dw_latewet_mode_v1,2020-09-01,2020-10-31,False,False,160,19001,Birnin Gwari,lga,6411.7263,63532417,0.91,high,29,29,trees,70.009507,0.393363,70.009507,19.647008,0.060952,5.333422,3.593397,0.755515,0.071626,0.13521,100.0,
11,2020,late_wet_season,dynamic_world_v1,dw_latewet_mode_v1,2020-09-01,2020-10-31,False,False,149,19002,Chikun,lga,4566.8523,45395812,0.60,high,20,20,trees,67.57272,2.302239,67.57272,14.036262,0.144062,3.165433,8.813998,3.88303,0.064872,0.017385,100.000001,
11,2020,late_wet_season,dynamic_world_v1,dw_latewet_mode_v1,2020-09-01,2020-10-31,False,False,152,19003,Giwa,lga,2359.5586,23555038,0.17,high,19,19,trees,38.886225,0.237554,38.886225,21.8486,0.224228,24.59023,11.362945,2.361142,0.337575,0.1515,99.999999,
11,2020,late_wet_season,dynamic_world_v1,dw_latewet_mode_v1,2020-09-01,2020-10-31,False,False,156,19004,Igabi,lga,3299.6959,32970465,0.08,high,19,19,trees,40.910384,1.849046,40.910384,13.853026,0.349528,16.365829,22.204085,4.249716,0.181544,0.036842,100.0,
11,2020,late_wet_season,dynamic_world_v1,dw_latewet_mode_v1,2020-09-01,2020-10-31,False,False,159,19005,Ikara,lga,1064.9642,10649642,0.00,high,15,15,grass,24.809332,0.338152,21.669358,24.809332,0.11176,24.367354,22.808372,5.756851,0.138822,0.0,100.000001,
11,2020,late_wet_season,dynamic_world_v1,dw_latewet_mode_v1,2020-09-01,2020-10-31,False,False,164,19006,Jaba,lga,540.7089,5407089,0.00,high,16,16,trees,41.292385,0.04274,41.292385,15.505238,0.036711,5.077168,33.495139,4.486296,0.064323,0.0,100.0,
11,2020,late_wet_season,dynamic_world_v1,dw_latewet_mode_v1,2020-09-01,2020-10-31,False,False,166,19007,Jema'A,lga,1424.3505,14243505,0.00,high,16,16,trees,66.548943,0.613058,66.548943,9.778555,0.256461,6.243849,12.352578,4.154946,0.051609,0.0,99.999999,
11,2020,late_wet_season,dynamic_world_v1,dw_latewet_mode_v1,2020-09-01,2020-10-31,False,False,145,19008,Kachia,lga,4639.8133,46310640,0.19,high,35,35,trees,72.864171,1.478028,72.864171,6.385956,0.02738,1.939699,16.041925,1.23046,0.032198,0.000184,100.000001,
11,2020,late_wet_season,dynamic_world_v1,dw_latewet_mode_v1,2020-09-01,2020-10-31,False,False,150,19009,Kaduna North,lga,73.4254,734254,0.00,high,5,5,built_area,77.192361,1.982693,9.59055,1.978334,0.115491,6.055125,2.672645,77.192361,0.4128,0.0,99.999999,
11,2020,late_wet_season,dynamic_world_v1,dw_latewet_mode_v1,2020-09-01,2020-10-31,False,False,158,19010,Kaduna South,lga,47.2045,472045,0.00,high,5,5,built_area,82.881293,2.746772,6.914595,0.613077,0.055079,4.139224,1.508119,82.881293,1.14184,0.0,99.999999,
11,2020,late_wet_season,dynamic_world_v1,dw_latewet_mode_v1,2020-09-01,2020-10-31,False,False,144,19011,Kagarko,lga,2403.0869,23602343,1.78,high,11,11,trees,71.224094,0.744384,71.224094,6.908102,0.054406,4.366944,14.452163,2.148456,0.06096,0.040492,100.000001,
11,2020,late_wet_season,dynamic_world_v1,dw_latewet_mode_v1,2020-09-01,2020-10-31,False,False,163,19012,Kajuru,lga,2265.6096,22656096,0.00,high,10,10,trees,60.558876,0.603762,60.558876,15.796428,0.059437,1.853867,19.471775,1.599861,0.055967,2.6e-05,99.999999,
11,2020,late_wet_season,dynamic_world_v1,dw_latewet_mode_v1,2020-09-01,2020-10-31,False,False,162,19013,Kaura,lga,470.4891,4704891,0.00,high,9,9,trees,44.156305,0.126932,44.156305,7.287842,0.006546,24.289149,14.901259,9.224698,0.007269,0.0,100.0,
11,2020,late_wet_season,dynamic_world_v1,dw_latewet_mode_v1,2020-09-01,2020-10-31,False,False,154,19014,Kauru,lga,3281.9413,32812031,0.02,high,21,21,trees,34.861606,0.840006,34.861606,27.102467,0.305074,11.583379,23.013717,2.221514,0.0708,0.001435,99.999998,
11,2020,late_wet_season,dynamic_world_v1,dw_latewet_mode_v1,2020-09-01,2020-10-31,False,False,157,19015,Kubau,lga,2420.8425,24208425,0.00,high,31,31,grass,29.321119,1.599328,20.775672,29.321119,0.086945,23.738533,21.730476,2.678109,0.069815,4e-06,100.000001,
11,2020,late_wet_season,dynamic_world_v1,dw_latewet_mode_v1,2020-09-01,2020-10-31,False,False,148,19016,Kudan,lga,353.9343,3539343,0.00,medium,4,4,crops,53.32597,0.656873,17.673393,11.290401,0.526312,53.32597,10.606743,5.876599,0.043709,0.0,100.0,
11,2020,late_wet_season,dynamic_world_v1,dw_latewet_mode_v1,2020-09-01,2020-10-31,False,False,153,19017,Lere,lga,2670.5714,26705714,0.00,high,11,11,shrub_scrub,31.55543,0.418611,22.477852,18.079052,0.023609,23.93441,31.55543,3.418845,0.09219,0.0,99.999999,
11,2020,late_wet_season,dynamic_world_v1,dw_latewet_mode_v1,2020-09-01,2020-10-31,False,False,147,19018,Makarfi,lga,556.6672,5566672,0.00,high,9,9,crops,50.296335,0.66785,16.360817,15.2905,0.142904,50.296335,11.415294,5.769156,0.057144,0.0,100.0,
11,2020,late_wet_season,dynamic_world_v1,dw_latewet_mode_v1,2020-09-01,2020-10-31,False,False,151,19019,Sabon Gari,lga,197.7327,1977327,0.00,medium,4,4,crops,36.48749,3.358473,16.649699,10.778339,0.854588,36.48749,4.740895,26.901671,0.228844,0.0,99.999999,
11,2020,late_wet_season,dynamic_world_v1,dw_latewet_mode_v1,2020-09-01,2020-10-31,False,False,165,19020,Sanga,lga,1855.9229,18559229,0.00,high,29,29,trees,79.248319,0.436209,79.248319,5.515978,0.147431,2.877323,9.69057,2.06619,0.017786,0.000194,100.0,
11,2020,late_wet_season,dynamic_world_v1,dw_latewet_mode_v1,2020-09-01,2020-10-31,False,False,155,19021,Soba,lga,2088.8562,20888562,0.00,high,23,23,crops,40.471876,0.727743,23.914542,16.187821,0.280129,40.471876,15.692483,2.693584,0.031673,0.000148,99.999999,
11,2020,late_wet_season,dynamic_world_v1,dw_latewet_mode_v1,2020-09-01,2020-10-31,False,False,146,19022,Zangon Kataf,lga,2640.2723,26397743,0.02,high,31,31,trees,55.693235,0.310678,55.693235,10.897201,0.009633,5.324879,24.43554,3.294918,0.033075,0.000841,100.0,
11,2020,late_wet_season,dynamic_world_v1,dw_latewet_mode_v1,2020-09-01,2020-10-31,False,False,161,19023,Zaria,lga,437.5658,4375658,0.00,medium,4,4,crops,38.774465,2.708575,20.479663,10.520749,1.040072,38.774465,9.511324,16.669036,0.296115,0.0,99.999999,
8,2021,late_wet_season,dynamic_world_v1,dw_latewet_mode_v1,2021-09-01,2021-10-31,False,False,96,19001,Birnin Gwari,lga,6411.7296,64117296,0.00,high,26,26,trees,69.066149,0.334892,69.066149,17.61294,0.017909,7.644986,4.498602,0.777247,0.046658,0.000616,99.999999,
8,2021,late_wet_season,dynamic_world_v1,dw_latewet_mode_v1,2021-09-01,2021-10-31,False,False,85,19002,Chikun,lga,4566.8554,45657969,0.02,high,23,23,trees,67.724313,2.143137,67.724313,14.560665,0.146717,3.643739,7.800831,3.93823,0.042365,2e-06,99.999999,
8,2021,late_wet_season,dynamic_world_v1,dw_latewet_mode_v1,2021-09-01,2021-10-31,False,False,88,19003,Giwa,lga,2359.5588,23595588,0.00,high,24,24,trees,40.84792,0.08975,40.84792,16.766359,0.017397,25.330286,14.308811,2.383624,0.255853,0.0,100.0,
8,2021,late_wet_season,dynamic_world_v1,dw_latewet_mode_v1,2021-09-01,2021-10-31,False,False,92,19004,Igabi,lga,3299.7115,32997115,0.00,high,24,24,trees,40.396001,1.459049,40.396001,19.062224,0.244164,18.578782,15.857477,4.281808,0.120495,0.0,100.0,
8,2021,late_wet_season,dynamic_world_v1,dw_latewet_mode_v1,2021-09-01,2021-10-31,False,False,95,19005,Ikara,lga,1064.9641,10649641,0.00,high,18,18,shrub_scrub,43.085574,0.158343,23.370591,5.204758,0.025625,22.524093,43.085574,5.477743,0.153273,0.0,100.0,
8,2021,late_wet_season,dynamic_world_v1,dw_latewet_mode_v1,2021-09-01,2021-10-31,False,False,100,19006,Jaba,lga,540.7087,5407087,0.00,high,18,18,trees,44.693991,0.081689,44.693991,25.719227,0.010264,4.611818,20.583874,4.262572,0.036563,0.0,99.999998,
8,2021,late_wet_season,dynamic_world_v1,dw_latewet_mode_v1,2021-09-01,2021-10-31,False,False,102,19007,Jema'A,lga,1424.3505,12304509,13.61,high,18,18,trees,57.246689,0.61562,57.246689,19.506841,0.149726,9.002749,9.096478,4.170804,0.07611,0.134983,100.0,
8,2021,late_wet_season,dynamic_world_v1,dw_latewet_mode_v1,2021-09-01,2021-10-31,False,False,81,19008,Kachia,lga,4639.8148,46398148,0.00,high,44,44,trees,72.53202,1.460856,72.53202,10.53153,0.009242,1.579809,12.531177,1.33618,0.019102,8.4e-05,100.0,
8,2021,late_wet_season,dynamic_world_v1,dw_latewet_mode_v1,2021-09-01,2021-10-31,False,False,86,19009,Kaduna North,lga,73.4254,734254,0.00,high,6,6,built_area,77.53189,1.68375,7.654299,2.828313,0.254953,7.38028,2.364168,77.53189,0.302348,0.0,100.000001,
8,2021,late_wet_season,dynamic_world_v1,dw_latewet_mode_v1,2021-09-01,2021-10-31,False,False,94,19010,Kaduna South,lga,47.2045,472045,0.00,high,6,6,built_area,83.063267,2.462689,6.899978,1.187387,0.128801,4.601044,0.849072,83.063267,0.807762,0.0,100.0,
8,2021,late_wet_season,dynamic_world_v1,dw_latewet_mode_v1,2021-09-01,2021-10-31,False,False,80,19011,Kagarko,lga,2403.0914,24026798,0.02,high,13,13,trees,70.477964,0.74672,70.477964,13.567775,0.013905,4.909943,7.881429,2.35788,0.044092,0.000291,99.999999,
8,2021,late_wet_season,dynamic_world_v1,dw_latewet_mode_v1,2021-09-01,2021-10-31,False,False,99,19012,Kajuru,lga,2265.6097,22656097,0.00,high,16,16,trees,59.04336,0.527333,59.04336,15.083264,0.008298,3.273609,20.18868,1.841866,0.033589,0.0,99.999999,
8,2021,late_wet_season,dynamic_world_v1,dw_latewet_mode_v1,2021-09-01,2021-10-31,False,False,98,19013,Kaura,lga,470.4889,4693898,0.23,high,10,10,trees,44.762519,0.173459,44.762519,11.438041,0.039519,21.038868,14.332438,8.192658,0.009608,0.012889,99.999999,
8,2021,late_wet_season,dynamic_world_v1,dw_latewet_mode_v1,2021-09-01,2021-10-31,False,False,90,19014,Kauru,lga,3281.9396,32723444,0.29,high,23,23,trees,32.455132,0.741563,32.455132,31.591171,0.16986,12.101758,20.726578,2.113002,0.097108,0.003829,100.000001,
8,2021,late_wet_season,dynamic_world_v1,dw_latewet_mode_v1,2021-09-01,2021-10-31,False,False,93,19015,Kubau,lga,2420.8428,24208428,0.00,high,38,38,crops,29.863496,1.453548,21.989491,22.722153,0.137324,29.863496,20.933152,2.829415,0.071421,0.0,100.0,
8,2021,late_wet_season,dynamic_world_v1,dw_latewet_mode_v1,2021-09-01,2021-10-31,False,False,84,19016,Kudan,lga,353.9344,3539344,0.00,high,7,7,crops,51.869471,0.436098,20.687308,3.813277,0.18964,51.869471,16.149179,6.759558,0.09547,0.0,100.000001,
8,2021,late_wet_season,dynamic_world_v1,dw_latewet_mode_v1,2021-09-01,2021-10-31,False,False,89,19017,Lere,lga,2670.5715,26705715,0.00,high,14,14,grass,30.560945,0.438288,22.27057,30.560945,0.030185,21.55864,21.535143,3.475732,0.123775,0.006721,99.999999,
8,2021,late_wet_season,dynamic_world_v1,dw_latewet_mode_v1,2021-09-01,2021-10-31,False,False,83,19018,Makarfi,lga,556.6674,5566674,0.00,high,14,14,crops,45.507174,0.396341,23.083532,5.125951,0.067383,45.507174,19.297466,6.442231,0.079922,0.0,100.0,
8,2021,late_wet_season,dynamic_world_v1,dw_latewet_mode_v1,2021-09-01,2021-10-31,False,False,87,19019,Sabon Gari,lga,197.7327,1977327,0.00,high,7,7,crops,40.316599,2.224164,17.638762,4.470834,0.568242,40.316599,6.728427,27.845116,0.207856,0.0,100.0,
8,2021,late_wet_season,dynamic_world_v1,dw_latewet_mode_v1,2021-09-01,2021-10-31,False,False,101,19020,Sanga,lga,1855.9203,13386158,27.87,high,30,30,trees,48.505949,0.542493,48.505949,30.869171,0.121992,10.493601,6.89445,2.33341,0.138628,0.100305,99.999999,
8,2021,late_wet_season,dynamic_world_v1,dw_latewet_mode_v1,2021-09-01,2021-10-31,False,False,91,19021,Soba,lga,2088.8561,20888561,0.00,high,34,34,crops,35.820644,0.432351,27.792087,15.305027,0.096287,35.820644,17.706193,2.813411,0.033999,0.0,99.999999,
8,2021,late_wet_season,dynamic_world_v1,dw_latewet_mode_v1,2021-09-01,2021-10-31,False,False,82,19022,Zangon Kataf,lga,2640.2722,26157086,0.93,high,38,38,trees,50.980881,0.303642,50.980881,17.632056,0.009366,4.403071,23.594375,3.031083,0.038789,0.006736,99.999999,
8,2021,late_wet_season,dynamic_world_v1,dw_latewet_mode_v1,2021-09-01,2021-10-31,False,False,97,19023,Zaria,lga,437.5657,4375657,0.00,high,7,7,crops,39.787831,2.012681,24.06898,7.556877,0.935517,39.787831,8.014271,17.358102,0.265743,0.0,100.000002,
9,2022,late_wet_season,dynamic_world_v1,dw_latewet_mode_v1,2022-09-01,2022-10-31,False,False,117,19001,Birnin Gwari,lga,6411.4852,38397957,40.11,high,17,17,trees,70.03987,0.367491,70.03987,18.770603,0.05138,4.27903,5.569747,0.817671,0.060126,0.044083,100.000001,
9,2022,late_wet_season,dynamic_world_v1,dw_latewet_mode_v1,2022-09-01,2022-10-31,False,False,107,19002,Chikun,lga,4566.8553,45668553,0.00,high,16,16,trees,69.053377,2.247868,69.053377,13.021893,0.154251,3.716728,7.653989,4.080399,0.07111,0.000385,100.0,
9,2022,late_wet_season,dynamic_world_v1,dw_latewet_mode_v1,2022-09-01,2022-10-31,False,False,109,19003,Giwa,lga,2359.3631,9996208,57.63,high,15,15,trees,33.633764,0.134751,33.633764,33.141527,0.228997,21.002434,8.177921,3.088781,0.558812,0.033013,100.0,
9,2022,late_wet_season,dynamic_world_v1,dw_latewet_mode_v1,2022-09-01,2022-10-31,False,False,113,19004,Igabi,lga,3299.4847,24691064,25.17,high,15,15,grass,33.594413,2.647549,26.208704,33.594413,0.445339,19.068186,12.468782,5.153597,0.366339,0.04709,99.999999,
9,2022,late_wet_season,dynamic_world_v1,dw_latewet_mode_v1,2022-09-01,2022-10-31,False,False,116,19005,Ikara,lga,1064.9642,10649642,0.00,high,11,11,crops,31.353073,0.418042,27.245414,20.582157,0.07373,31.353073,13.174105,6.813572,0.339908,0.0,100.000001,
9,2022,late_wet_season,dynamic_world_v1,dw_latewet_mode_v1,2022-09-01,2022-10-31,False,False,120,19006,Jaba,lga,540.7088,5407088,0.00,high,21,21,trees,37.201041,0.071906,37.201041,17.457252,0.017015,8.822383,31.719106,4.681818,0.02948,0.0,100.000001,
9,2022,late_wet_season,dynamic_world_v1,dw_latewet_mode_v1,2022-09-01,2022-10-31,False,False,122,19007,Jema'A,lga,1424.3504,14243504,0.00,high,21,21,trees,57.837446,0.710359,57.837446,17.412436,0.257191,8.17678,11.279458,4.252296,0.073992,4.2e-05,100.0,
9,2022,late_wet_season,dynamic_world_v1,dw_latewet_mode_v1,2022-09-01,2022-10-31,False,False,104,19008,Kachia,lga,4639.7664,46160149,0.51,high,42,42,trees,70.82559,1.468966,70.82559,7.658701,0.010071,2.959193,15.604131,1.450288,0.022121,0.000938,99.999999,
9,2022,late_wet_season,dynamic_world_v1,dw_latewet_mode_v1,2022-09-01,2022-10-31,False,False,108,19009,Kaduna North,lga,73.4256,734256,0.00,high,7,7,built_area,77.914787,1.997124,5.951467,2.392217,0.087299,8.22901,1.923852,77.914787,1.504244,0.0,100.0,
9,2022,late_wet_season,dynamic_world_v1,dw_latewet_mode_v1,2022-09-01,2022-10-31,False,False,115,19010,Kaduna South,lga,47.2046,472046,0.00,high,7,7,built_area,84.992564,2.603984,3.949615,0.417332,0.03559,5.135516,1.247124,84.992564,1.618274,0.0,99.999999,
9,2022,late_wet_season,dynamic_world_v1,dw_latewet_mode_v1,2022-09-01,2022-10-31,False,False,103,19011,Kagarko,lga,2403.0913,23779412,1.05,high,13,13,trees,48.167549,0.764203,48.167549,10.959371,0.01405,11.45755,25.506909,3.02862,0.098152,0.003596,100.0,
9,2022,late_wet_season,dynamic_world_v1,dw_latewet_mode_v1,2022-09-01,2022-10-31,False,False,119,19012,Kajuru,lga,2265.6097,22656097,0.00,high,13,13,trees,60.259395,0.570438,60.259395,16.549219,0.024876,3.218732,17.522158,1.822106,0.033073,4e-06,100.000001,
9,2022,late_wet_season,dynamic_world_v1,dw_latewet_mode_v1,2022-09-01,2022-10-31,False,False,118,19013,Kaura,lga,470.4892,4704892,0.00,high,12,12,trees,49.789326,0.141725,49.789326,4.436701,0.006716,24.124103,12.572318,8.923967,0.005144,0.0,100.0,
9,2022,late_wet_season,dynamic_world_v1,dw_latewet_mode_v1,2022-09-01,2022-10-31,False,False,111,19014,Kauru,lga,3281.9461,32819461,0.00,high,26,26,trees,33.054589,0.85867,33.054589,25.087115,0.209178,14.962854,23.410546,2.273867,0.14318,0.0,99.999999,
9,2022,late_wet_season,dynamic_world_v1,dw_latewet_mode_v1,2022-09-01,2022-10-31,False,False,114,19015,Kubau,lga,2420.8428,24208428,0.00,high,30,30,crops,32.57936,1.558457,19.78088,23.020359,0.111891,32.57936,19.771978,3.087776,0.089291,8e-06,100.0,
9,2022,late_wet_season,dynamic_world_v1,dw_latewet_mode_v1,2022-09-01,2022-10-31,False,False,210,19016,Kudan,lga,353.9343,3345543,5.48,medium,2,2,crops,34.541926,0.566455,19.801419,32.963737,0.215301,34.541926,4.629443,7.080256,0.200804,0.000658,99.999999,Yes
9,2022,late_wet_season,dynamic_world_v1,dw_latewet_mode_v1,2022-09-01,2022-10-31,False,False,110,19017,Lere,lga,2670.5713,26705713,0.00,high,12,12,crops,33.95114,0.406561,20.22186,10.492474,0.028327,33.95114,31.121697,3.625647,0.152293,0.0,99.999999,
9,2022,late_wet_season,dynamic_world_v1,dw_latewet_mode_v1,2022-09-01,2022-10-31,False,False,106,19018,Makarfi,lga,556.6673,5566673,0.00,high,6,6,crops,40.939031,0.937472,19.551283,26.836173,0.053263,40.939031,4.449121,7.019363,0.214293,0.0,99.999999,
9,2022,late_wet_season,dynamic_world_v1,dw_latewet_mode_v1,2022-09-01,2022-10-31,False,False,211,19019,Sabon Gari,lga,197.7327,1778392,10.06,medium,2,2,grass,33.01027,3.214533,14.532679,33.01027,1.008608,19.215955,2.519073,26.054098,0.432919,0.011865,100.0,Yes
9,2022,late_wet_season,dynamic_world_v1,dw_latewet_mode_v1,2022-09-01,2022-10-31,False,False,121,19020,Sanga,lga,1855.9228,18559228,0.00,high,34,34,trees,70.023123,0.52284,70.023123,9.282099,0.141412,6.477807,11.318531,2.182413,0.051624,0.000151,100.0,
9,2022,late_wet_season,dynamic_world_v1,dw_latewet_mode_v1,2022-09-01,2022-10-31,False,False,112,19021,Soba,lga,2088.6569,18627926,10.81,high,25,25,crops,36.748224,0.938934,20.894071,28.807657,0.154601,36.748224,9.132584,3.216579,0.104961,0.002389,100.0,
9,2022,late_wet_season,dynamic_world_v1,dw_latewet_mode_v1,2022-09-01,2022-10-31,False,False,105,19022,Zangon Kataf,lga,2640.2721,26397383,0.02,high,40,40,trees,49.178004,0.337537,49.178004,14.632818,0.014933,6.042913,26.45402,3.31356,0.026215,0.0,100.0,
9,2022,late_wet_season,dynamic_world_v1,dw_latewet_mode_v1,2022-09-01,2022-10-31,False,False,212,19023,Zaria,lga,437.5658,3676101,15.99,medium,2,2,grass,28.058832,3.06379,11.959057,28.058832,1.02353,27.674947,6.90555,20.725655,0.582927,0.005713,100.000001,Yes
7,2023,late_wet_season,dynamic_world_v1,dw_latewet_mode_v1,2023-09-01,2023-10-31,False,False,73,19001,Birnin Gwari,lga,6411.6779,60932737,4.97,high,19,19,trees,74.22801,0.248659,74.22801,9.241331,0.008994,7.259597,8.046405,0.861314,0.066808,0.038882,100.0,
7,2023,late_wet_season,dynamic_world_v1,dw_latewet_mode_v1,2023-09-01,2023-10-31,False,False,62,19002,Chikun,lga,4566.8553,45469860,0.44,high,16,16,trees,69.208867,2.140902,69.208867,6.885154,0.126026,3.052899,13.803564,4.28044,0.490897,0.011251,100.0,
7,2023,late_wet_season,dynamic_world_v1,dw_latewet_mode_v1,2023-09-01,2023-10-31,False,False,65,19003,Giwa,lga,2359.5588,23595588,0.00,high,18,18,trees,43.818933,0.073251,43.818933,7.386889,0.014053,33.136919,12.92587,2.546989,0.097094,0.0,99.999998,
7,2023,late_wet_season,dynamic_world_v1,dw_latewet_mode_v1,2023-09-01,2023-10-31,False,False,69,19004,Igabi,lga,3299.7115,32997115,0.00,high,18,18,trees,39.372312,1.123565,39.372312,4.919651,0.230887,24.973565,24.426102,4.687931,0.265502,0.000485,100.0,
7,2023,late_wet_season,dynamic_world_v1,dw_latewet_mode_v1,2023-09-01,2023-10-31,False,False,72,19005,Ikara,lga,1064.9641,10649641,0.00,high,17,17,shrub_scrub,52.889398,0.125281,11.346129,2.065394,0.026442,27.997517,52.889398,5.343927,0.205913,0.0,100.000001,
7,2023,late_wet_season,dynamic_world_v1,dw_latewet_mode_v1,2023-09-01,2023-10-31,False,False,77,19006,Jaba,lga,540.5988,2192282,59.45,high,15,15,trees,44.635635,0.216487,44.635635,18.039878,0.014323,11.931814,17.915259,3.876965,1.397311,1.972328,100.0,
7,2023,late_wet_season,dynamic_world_v1,dw_latewet_mode_v1,2023-09-01,2023-10-31,False,False,79,19007,Jema'A,lga,1424.3365,12892063,9.49,high,15,15,trees,64.074043,1.307432,64.074043,10.067799,0.302357,10.280822,9.13559,4.154362,0.220655,0.45694,100.0,
7,2023,late_wet_season,dynamic_world_v1,dw_latewet_mode_v1,2023-09-01,2023-10-31,False,False,58,19008,Kachia,lga,4639.7069,39763633,14.30,high,27,27,trees,62.314739,7.15589,62.314739,4.895171,0.015949,2.412192,4.847512,1.15458,15.845139,1.358827,99.999999,
7,2023,late_wet_season,dynamic_world_v1,dw_latewet_mode_v1,2023-09-01,2023-10-31,False,False,63,19009,Kaduna North,lga,73.4254,734254,0.00,high,5,5,built_area,78.654253,1.552869,7.359987,0.88103,0.117126,4.297559,6.28856,78.654253,0.848616,0.0,100.0,
7,2023,late_wet_season,dynamic_world_v1,dw_latewet_mode_v1,2023-09-01,2023-10-31,False,False,71,19010,Kaduna South,lga,47.2046,472046,0.00,high,5,5,built_area,85.074972,2.391928,5.741813,0.360346,0.091517,2.605255,2.216521,85.074972,1.517649,0.0,100.000001,
7,2023,late_wet_season,dynamic_world_v1,dw_latewet_mode_v1,2023-09-01,2023-10-31,False,False,57,19011,Kagarko,lga,2403.0913,5984243,75.10,high,7,7,bare_ground,61.970762,0.268004,17.834336,0.798581,0.002306,5.058418,1.571143,0.704249,61.970762,11.792202,100.000001,
7,2023,late_wet_season,dynamic_world_v1,dw_latewet_mode_v1,2023-09-01,2023-10-31,False,False,76,19012,Kajuru,lga,2265.6096,22656096,0.00,high,10,10,trees,67.1298,0.517746,67.1298,4.830934,0.007742,2.294349,23.139159,1.990612,0.088925,0.000733,100.0,
7,2023,late_wet_season,dynamic_world_v1,dw_latewet_mode_v1,2023-09-01,2023-10-31,False,False,75,19013,Kaura,lga,470.4890,4595708,2.32,high,9,9,trees,45.518558,0.192506,45.518558,7.654903,0.026024,27.49585,10.61325,8.454693,0.021781,0.022434,99.999999,
7,2023,late_wet_season,dynamic_world_v1,dw_latewet_mode_v1,2023-09-01,2023-10-31,False,False,67,19014,Kauru,lga,3281.9460,32819460,0.00,high,21,21,trees,33.333979,0.775634,33.333979,16.18565,0.146191,21.744776,25.24753,2.373168,0.18791,0.005162,100.0,
7,2023,late_wet_season,dynamic_world_v1,dw_latewet_mode_v1,2023-09-01,2023-10-31,False,False,70,19015,Kubau,lga,2420.8426,24208426,0.00,high,30,30,crops,41.703054,1.407068,19.659849,8.112374,0.158573,41.703054,25.68913,3.203232,0.066721,0.0,100.000001,
7,2023,late_wet_season,dynamic_world_v1,dw_latewet_mode_v1,2023-09-01,2023-10-31,False,False,61,19016,Kudan,lga,353.9344,3539344,0.00,high,6,6,crops,61.434153,0.477574,16.827384,3.049124,0.120813,61.434153,10.402945,7.609461,0.078546,0.0,100.0,
7,2023,late_wet_season,dynamic_world_v1,dw_latewet_mode_v1,2023-09-01,2023-10-31,False,False,66,19017,Lere,lga,2670.5714,26705714,0.00,high,9,9,crops,31.00405,0.492565,26.400841,18.843967,0.021025,31.00405,19.219935,3.781224,0.236388,4e-06,99.999999,
7,2023,late_wet_season,dynamic_world_v1,dw_latewet_mode_v1,2023-09-01,2023-10-31,False,False,60,19018,Makarfi,lga,556.6673,5566673,0.00,high,12,12,crops,55.185117,0.413047,13.114746,2.19898,0.082832,55.185117,22.008298,6.780944,0.216036,0.0,100.0,
7,2023,late_wet_season,dynamic_world_v1,dw_latewet_mode_v1,2023-09-01,2023-10-31,False,False,64,19019,Sabon Gari,lga,197.7328,1977328,0.00,high,6,6,crops,43.42623,1.906108,15.59549,4.296707,0.418949,43.42623,4.98324,29.259384,0.113891,0.0,99.999999,
7,2023,late_wet_season,dynamic_world_v1,dw_latewet_mode_v1,2023-09-01,2023-10-31,False,False,78,19020,Sanga,lga,1855.9228,15594202,15.98,high,25,25,trees,82.120893,0.616441,82.120893,5.956688,0.185338,4.065485,4.747598,2.123251,0.032326,0.15198,100.0,
7,2023,late_wet_season,dynamic_world_v1,dw_latewet_mode_v1,2023-09-01,2023-10-31,False,False,68,19021,Soba,lga,2088.8562,20888562,0.00,high,25,25,crops,56.248113,0.395015,16.849633,3.823121,0.089456,56.248113,19.419594,3.151375,0.023692,0.0,99.999999,
7,2023,late_wet_season,dynamic_world_v1,dw_latewet_mode_v1,2023-09-01,2023-10-31,False,False,59,19022,Zangon Kataf,lga,2640.2722,26109026,1.11,high,30,30,trees,56.219217,0.346217,56.219217,13.137625,0.016274,6.171264,20.639629,3.333797,0.101187,0.034789,99.999999,
7,2023,late_wet_season,dynamic_world_v1,dw_latewet_mode_v1,2023-09-01,2023-10-31,False,False,74,19023,Zaria,lga,437.5658,4375658,0.00,high,6,6,crops,45.992328,1.052276,18.099152,4.503551,0.416577,45.992328,11.22686,18.395793,0.313461,0.0,99.999998,
6,2024,late_wet_season,dynamic_world_v1,dw_latewet_mode_v1,2024-09-01,2024-10-31,False,False,37,19001,Birnin Gwari,lga,6411.7299,64117299,0.00,high,18,18,trees,67.550726,0.315324,67.550726,22.88639,0.01999,5.566161,2.882607,0.731417,0.046839,0.000546,100.0,
6,2024,late_wet_season,dynamic_world_v1,dw_latewet_mode_v1,2024-09-01,2024-10-31,False,False,43,19002,Chikun,lga,4566.8554,45668554,0.00,high,13,13,trees,67.583265,2.180875,67.583265,15.261017,0.115929,2.927962,7.782565,4.098028,0.049399,0.000959,99.999999,
6,2024,late_wet_season,dynamic_world_v1,dw_latewet_mode_v1,2024-09-01,2024-10-31,False,False,45,19003,Giwa,lga,2359.5588,23595588,0.00,high,16,16,trees,42.076849,0.076408,42.076849,13.584476,0.016948,33.599853,7.766282,2.636684,0.242499,0.0,99.999999,
6,2024,late_wet_season,dynamic_world_v1,dw_latewet_mode_v1,2024-09-01,2024-10-31,False,False,48,19004,Igabi,lga,3299.7114,32997114,0.00,high,16,16,trees,39.866402,1.218419,39.866402,16.390736,0.17443,22.762942,14.705413,4.626123,0.255534,0.0,99.999999,
6,2024,late_wet_season,dynamic_world_v1,dw_latewet_mode_v1,2024-09-01,2024-10-31,False,False,51,19005,Ikara,lga,1064.9640,10649640,0.00,high,18,18,shrub_scrub,35.2172,0.213425,18.747404,12.308219,0.013277,25.942173,35.2172,7.210779,0.347458,6.6e-05,100.000001,
6,2024,late_wet_season,dynamic_world_v1,dw_latewet_mode_v1,2024-09-01,2024-10-31,False,False,54,19006,Jaba,lga,540.7086,5407086,0.00,high,13,13,trees,47.143249,0.063583,47.143249,12.846698,0.048104,7.390265,27.970574,4.513818,0.02371,0.0,100.000001,
6,2024,late_wet_season,dynamic_world_v1,dw_latewet_mode_v1,2024-09-01,2024-10-31,False,False,56,19007,Jema'A,lga,1424.3505,14243505,0.00,high,13,13,trees,67.641525,0.666753,67.641525,10.676831,0.192909,6.403262,10.012915,4.313243,0.092547,1.4e-05,99.999999,
6,2024,late_wet_season,dynamic_world_v1,dw_latewet_mode_v1,2024-09-01,2024-10-31,False,False,34,19008,Kachia,lga,4639.8147,45869023,1.14,high,26,26,trees,77.757981,1.491039,77.757981,8.587392,0.020164,1.606956,9.270618,1.235843,0.017851,0.012156,100.0,
6,2024,late_wet_season,dynamic_world_v1,dw_latewet_mode_v1,2024-09-01,2024-10-31,False,False,35,19009,Kaduna North,lga,73.4255,734255,0.00,medium,3,3,built_area,79.300652,1.638804,8.480705,3.079584,0.132651,5.434624,1.601487,79.300652,0.331492,0.0,99.999999,
6,2024,late_wet_season,dynamic_world_v1,dw_latewet_mode_v1,2024-09-01,2024-10-31,False,False,50,19010,Kaduna South,lga,47.2045,472045,0.00,medium,3,3,built_area,84.524569,2.519463,5.813429,0.960713,0.095542,4.126725,0.849919,84.524569,1.10964,0.0,100.0,
6,2024,late_wet_season,dynamic_world_v1,dw_latewet_mode_v1,2024-09-01,2024-10-31,False,False,39,19011,Kagarko,lga,2403.0912,23773529,1.07,high,10,10,trees,67.11961,0.766529,67.11961,7.804226,0.026243,6.688098,14.852582,2.601313,0.141266,0.00013,99.999997,
6,2024,late_wet_season,dynamic_world_v1,dw_latewet_mode_v1,2024-09-01,2024-10-31,False,False,53,19012,Kajuru,lga,2265.6097,22653078,0.01,high,7,7,trees,66.042681,0.535433,66.042681,11.566384,0.010369,3.173997,16.813402,1.826114,0.03162,0.0,100.0,
6,2024,late_wet_season,dynamic_world_v1,dw_latewet_mode_v1,2024-09-01,2024-10-31,False,False,52,19013,Kaura,lga,470.4892,4704892,0.00,high,6,6,trees,46.919462,0.162937,46.919462,12.489511,0.004633,20.310434,11.768028,8.334984,0.010011,0.0,100.0,
6,2024,late_wet_season,dynamic_world_v1,dw_latewet_mode_v1,2024-09-01,2024-10-31,False,False,47,19014,Kauru,lga,3281.9459,32819459,0.00,high,15,15,trees,32.461138,0.838594,32.461138,23.156692,0.132034,18.795651,22.001048,2.49104,0.123786,1.5e-05,99.999998,
6,2024,late_wet_season,dynamic_world_v1,dw_latewet_mode_v1,2024-09-01,2024-10-31,False,False,49,19015,Kubau,lga,2420.8427,24208427,0.00,high,29,29,crops,44.018568,1.466308,17.397285,15.177979,0.113361,44.018568,18.135689,3.620202,0.070608,0.0,100.0,
6,2024,late_wet_season,dynamic_world_v1,dw_latewet_mode_v1,2024-09-01,2024-10-31,False,False,42,19016,Kudan,lga,353.9345,3539345,0.00,high,6,6,crops,56.9513,0.465764,17.238642,7.993908,0.129713,56.9513,9.354132,7.727475,0.139065,0.0,99.999999,
6,2024,late_wet_season,dynamic_world_v1,dw_latewet_mode_v1,2024-09-01,2024-10-31,False,False,46,19017,Lere,lga,2670.5714,26705714,0.00,high,8,8,crops,27.92268,0.444774,19.141102,23.777271,0.021314,27.92268,24.548338,4.000312,0.144209,0.0,100.0,
6,2024,late_wet_season,dynamic_world_v1,dw_latewet_mode_v1,2024-09-01,2024-10-31,False,False,41,19018,Makarfi,lga,556.6672,5566672,0.00,high,12,12,crops,48.909402,0.372359,15.431644,11.437893,0.060287,48.909402,15.933793,7.545891,0.30873,0.0,99.999999,
6,2024,late_wet_season,dynamic_world_v1,dw_latewet_mode_v1,2024-09-01,2024-10-31,False,False,44,19019,Sabon Gari,lga,197.7328,1977328,0.00,high,6,6,crops,37.302157,1.827668,14.971467,8.40063,0.516252,37.302157,7.231324,29.541685,0.208817,0.0,100.0,
6,2024,late_wet_season,dynamic_world_v1,dw_latewet_mode_v1,2024-09-01,2024-10-31,False,False,55,19020,Sanga,lga,1855.9228,18559228,0.00,high,22,22,trees,76.166239,0.52978,76.166239,9.643332,0.165917,3.38499,7.807566,2.242318,0.059598,0.000259,99.999999,
6,2024,late_wet_season,dynamic_world_v1,dw_latewet_mode_v1,2024-09-01,2024-10-31,False,False,36,19021,Soba,lga,2088.8561,20888561,0.00,high,23,23,crops,56.155075,0.463364,15.869518,11.471623,0.075276,56.155075,12.499607,3.426833,0.038705,0.0,100.000001,
6,2024,late_wet_season,dynamic_world_v1,dw_latewet_mode_v1,2024-09-01,2024-10-31,False,False,40,19022,Zangon Kataf,lga,2640.2723,26402723,0.00,high,24,24,trees,53.109533,0.331307,53.109533,15.00596,0.016392,4.984736,23.234225,3.294463,0.02316,0.000223,99.999999,
6,2024,late_wet_season,dynamic_world_v1,dw_latewet_mode_v1,2024-09-01,2024-10-31,False,False,38,19023,Zaria,lga,437.5658,4375658,0.00,high,6,6,crops,33.351898,1.031525,24.172753,14.455334,0.491172,33.351898,7.574632,18.634774,0.287911,0.0,99.999999,
12,2025,late_wet_season,dynamic_world_v1,dw_latewet_mode_v1,2025-09-01,2025-10-31,False,False,201,19001,Birnin Gwari,lga,6411.7297,64117297,0.00,high,26,26,trees,71.130669,0.308151,71.130669,19.432538,0.030677,4.204012,4.062058,0.76778,0.063944,0.000172,100.000001,
12,2025,late_wet_season,dynamic_world_v1,dw_latewet_mode_v1,2025-09-01,2025-10-31,False,False,190,19002,Chikun,lga,4566.8553,44237623,3.13,high,20,20,trees,68.727535,2.291351,68.727535,15.018479,0.136246,3.241447,6.404641,4.016855,0.087643,0.075804,100.000001,
12,2025,late_wet_season,dynamic_world_v1,dw_latewet_mode_v1,2025-09-01,2025-10-31,False,False,193,19003,Giwa,lga,2359.5587,23595587,0.00,high,21,21,trees,48.531138,0.090004,48.531138,19.623703,0.025585,19.001651,9.870846,2.489516,0.367556,0.0,99.999999,
12,2025,late_wet_season,dynamic_world_v1,dw_latewet_mode_v1,2025-09-01,2025-10-31,False,False,197,19004,Igabi,lga,3299.7115,32997115,0.00,high,21,21,trees,42.811822,1.438274,42.811822,16.034999,0.247861,20.469041,13.922741,4.739463,0.335684,0.000115,100.0,
12,2025,late_wet_season,dynamic_world_v1,dw_latewet_mode_v1,2025-09-01,2025-10-31,False,False,200,19005,Ikara,lga,1064.9642,10649642,0.00,high,19,19,trees,37.067255,0.227388,37.067255,8.094066,0.023898,13.282296,34.641887,6.136047,0.527163,0.0,100.0,
12,2025,late_wet_season,dynamic_world_v1,dw_latewet_mode_v1,2025-09-01,2025-10-31,False,False,205,19006,Jaba,lga,540.7087,5301257,1.96,high,19,19,trees,50.911586,0.099278,50.911586,15.797329,0.049366,6.904098,21.808865,4.3916,0.036237,0.001641,100.0,
12,2025,late_wet_season,dynamic_world_v1,dw_latewet_mode_v1,2025-09-01,2025-10-31,False,False,207,19007,Jema'A,lga,1424.2354,10748938,24.53,high,19,19,trees,72.18862,0.761712,72.18862,10.964888,0.149345,3.369607,8.389694,3.840063,0.132329,0.203741,99.999999,
12,2025,late_wet_season,dynamic_world_v1,dw_latewet_mode_v1,2025-09-01,2025-10-31,False,False,186,19008,Kachia,lga,4639.8142,46009591,0.84,high,41,41,trees,80.358115,1.4828,80.358115,8.288474,0.01807,1.673686,7.025157,1.126148,0.009644,0.017907,100.000001,
12,2025,late_wet_season,dynamic_world_v1,dw_latewet_mode_v1,2025-09-01,2025-10-31,False,False,191,19009,Kaduna North,lga,73.4254,734254,0.00,high,6,6,built_area,78.001073,1.849088,10.788092,2.894775,0.071093,4.184792,1.693147,78.001073,0.517941,0.0,100.000001,
12,2025,late_wet_season,dynamic_world_v1,dw_latewet_mode_v1,2025-09-01,2025-10-31,False,False,199,19010,Kaduna South,lga,47.2046,472046,0.00,high,6,6,built_area,83.860683,2.802905,6.684306,1.044178,0.055291,3.363867,0.890379,83.860683,1.29839,0.0,99.999999,
12,2025,late_wet_season,dynamic_world_v1,dw_latewet_mode_v1,2025-09-01,2025-10-31,False,False,185,19011,Kagarko,lga,2403.0912,23123954,3.77,high,12,12,trees,67.224805,0.809425,67.224805,14.913989,0.019382,8.181836,6.608788,2.062407,0.110911,0.068457,100.0,
12,2025,late_wet_season,dynamic_world_v1,dw_latewet_mode_v1,2025-09-01,2025-10-31,False,False,204,19012,Kajuru,lga,2265.6096,22656096,0.00,high,14,14,trees,77.291286,0.58759,77.291286,9.20445,0.031762,2.203094,9.065339,1.586646,0.029034,0.000799,100.0,
12,2025,late_wet_season,dynamic_world_v1,dw_latewet_mode_v1,2025-09-01,2025-10-31,False,False,203,19013,Kaura,lga,470.4889,4378910,6.93,high,11,11,trees,65.158567,0.233506,65.158567,3.29123,0.043413,8.937704,14.891468,7.30764,0.063829,0.072644,100.000001,
12,2025,late_wet_season,dynamic_world_v1,dw_latewet_mode_v1,2025-09-01,2025-10-31,False,False,195,19014,Kauru,lga,3281.9461,32819461,0.00,high,27,27,trees,37.524065,0.884323,37.524065,27.210486,0.183379,15.003043,16.763709,2.268258,0.162562,0.000174,99.999999,
12,2025,late_wet_season,dynamic_world_v1,dw_latewet_mode_v1,2025-09-01,2025-10-31,False,False,198,19015,Kubau,lga,2420.8427,24208427,0.00,high,41,41,crops,35.44928,1.371944,20.809221,18.906127,0.218531,35.44928,19.739729,3.369984,0.135184,0.0,100.0,
12,2025,late_wet_season,dynamic_world_v1,dw_latewet_mode_v1,2025-09-01,2025-10-31,False,False,189,19016,Kudan,lga,353.9345,3539345,0.00,high,5,5,trees,37.495441,0.489243,37.495441,8.332954,0.238858,32.868454,12.938213,7.401652,0.235185,0.0,100.0,
12,2025,late_wet_season,dynamic_world_v1,dw_latewet_mode_v1,2025-09-01,2025-10-31,False,False,194,19017,Lere,lga,2670.5714,26705714,0.00,high,16,16,shrub_scrub,29.146822,0.462826,19.565176,19.606018,0.028859,27.172544,29.146822,3.712258,0.305496,0.0,99.999999,
12,2025,late_wet_season,dynamic_world_v1,dw_latewet_mode_v1,2025-09-01,2025-10-31,False,False,188,19018,Makarfi,lga,556.6674,5566674,0.00,high,13,13,trees,35.034924,0.407892,35.034924,11.718937,0.099521,30.03526,15.143603,7.136488,0.423377,0.0,100.000002,
12,2025,late_wet_season,dynamic_world_v1,dw_latewet_mode_v1,2025-09-01,2025-10-31,False,False,192,19019,Sabon Gari,lga,197.7328,1977328,0.00,high,5,5,trees,38.347153,1.933518,38.347153,9.601847,1.266912,16.325516,4.131788,27.960662,0.432604,0.0,100.0,
12,2025,late_wet_season,dynamic_world_v1,dw_latewet_mode_v1,2025-09-01,2025-10-31,False,False,206,19020,Sanga,lga,1855.8345,7950275,57.16,high,27,27,trees,71.854345,0.595652,71.854345,15.095667,0.05635,1.61051,8.778049,1.668974,0.056275,0.284179,100.000001,
12,2025,late_wet_season,dynamic_world_v1,dw_latewet_mode_v1,2025-09-01,2025-10-31,False,False,196,19021,Soba,lga,2088.8562,20888562,0.00,high,35,35,crops,41.967623,0.551177,23.28651,16.079513,0.125834,41.967623,14.420236,3.421772,0.147296,3.8e-05,99.999999,
12,2025,late_wet_season,dynamic_world_v1,dw_latewet_mode_v1,2025-09-01,2025-10-31,False,False,187,19022,Zangon Kataf,lga,2640.2724,26402724,0.00,high,41,41,trees,63.297151,0.354062,63.297151,11.765222,0.020437,3.240779,18.3535,2.933837,0.034894,0.000117,99.999999,
12,2025,late_wet_season,dynamic_world_v1,dw_latewet_mode_v1,2025-09-01,2025-10-31,False,False,202,19023,Zaria,lga,437.5659,4375659,0.00,high,5,5,trees,32.471886,1.505716,32.471886,12.670251,1.041489,24.168382,8.80336,18.447118,0.891797,0.0,99.999999,
